linea_negocio,tipo_reclamo,monto_siniestro,antiguedad_poliza_meses,mes_siniestro
hogar,patrimonial,5686.59,27.8,8
mascotas,veterinario,621.56,43.4,8
salud,medico,10667.38,10.6,4
movilidad,responsabilidad_civil,10242.38,31.8,5
salud,medico,2784.3,14.2,3
salud,medico,24180.71,37.4,4
movilidad,responsabilidad_civil,6234.53,5.1,8
hogar,patrimonial,14767.73,29.4,9
mascotas,veterinario,609.97,11.5,2
salud,medico,16584.17,36.2,3
mascotas,veterinario,227.67,35.6,10
salud,medico,6428.26,2.5,8
salud,medico,5124.32,55.0,3
movilidad,danos_propios,5577.36,16.6,6
mascotas,veterinario,489.19,53.0,8
mascotas,veterinario,418.87,2.1,6
movilidad,danos_propios,18699.43,49.8,4
mascotas,veterinario,162.65,2.7,1
hogar,patrimonial,4797.97,33.7,4
hogar,patrimonial,14485.04,25.6,10
movilidad,danos_propios,7167.33,47.9,8
hogar,patrimonial,48082.07,10.8,9
hogar,patrimonial,9937.4,35.5,4
salud,medico,7291.96,27.8,10
hogar,patrimonial,9403.52,5.1,12
mascotas,veterinario,127.3,46.9,11
salud,medico,2237.57,20.5,3
movilidad,responsabilidad_civil,3254.52,41.4,1
movilidad,responsabilidad_civil,1943.24,4.5,10
mascotas,veterinario,436.61,28.7,8
movilidad,danos_propios,9117.69,17.2,8
movilidad,responsabilidad_civil,5354.28,4.9,9
movilidad,danos_propios,414.71,41.2,6
movilidad,responsabilidad_civil,1023.42,36.3,12
salud,medico,6994.05,10.6,1
mascotas,veterinario,260.01,2.8,12
hogar,patrimonial,6250.58,4.1,6
salud,medico,6470.85,56.7,10
salud,medico,2652.81,17.0,2
mascotas,veterinario,234.03,51.3,3
mascotas,veterinario,633.92,51.6,4
hogar,patrimonial,26321.91,25.2,4
mascotas,veterinario,402.1,35.8,9
movilidad,danos_propios,1025.93,26.4,7
hogar,patrimonial,2920.86,17.8,11
movilidad,responsabilidad_civil,1290.92,15.9,5
movilidad,danos_propios,12658.54,19.2,9
movilidad,responsabilidad_civil,4169.97,58.4,6
mascotas,veterinario,90.48,27.4,11
hogar,patrimonial,7685.81,22.9,7
hogar,patrimonial,6738.04,50.6,12
mascotas,veterinario,1597.05,7.5,5
salud,medico,3639.19,35.7,6
mascotas,veterinario,301.85,23.7,4
movilidad,responsabilidad_civil,6227.28,59.7,7
hogar,patrimonial,32302.26,30.1,4
salud,medico,10719.25,12.3,6
hogar,patrimonial,13765.94,51.5,9
salud,medico,9645.23,45.8,10
mascotas,veterinario,417.92,56.2,7
salud,medico,11697.74,58.3,9
movilidad,danos_propios,30116.89,59.1,1
hogar,patrimonial,7514.66,14.5,4
salud,medico,10159.72,56.7,11
hogar,patrimonial,25981.69,41.4,12
hogar,patrimonial,23369.55,28.4,5
movilidad,responsabilidad_civil,4029.27,45.1,3
hogar,patrimonial,4580.59,1.2,6
mascotas,veterinario,365.38,3.2,7
salud,medico,44751.5,10.1,3
salud,medico,19726.91,37.0,7
mascotas,veterinario,92.5,57.6,7
salud,medico,32231.47,34.2,9
salud,medico,9282.07,28.5,1
movilidad,responsabilidad_civil,4853.7,6.8,11
mascotas,veterinario,1573.27,53.5,5
hogar,patrimonial,22616.55,23.4,10
movilidad,responsabilidad_civil,8778.47,16.5,12
mascotas,veterinario,353.64,41.4,7
hogar,patrimonial,2886.52,56.4,2
mascotas,veterinario,245.98,55.7,9
movilidad,responsabilidad_civil,3914.48,4.5,8
salud,medico,4437.6,23.5,11
hogar,patrimonial,14775.22,19.5,11
hogar,patrimonial,18311.82,7.3,7
salud,medico,34055.79,55.2,8
hogar,patrimonial,23496.21,37.8,4
mascotas,veterinario,295.16,17.6,6
mascotas,veterinario,58.71,53.5,8
hogar,patrimonial,17701.77,2.2,7
hogar,patrimonial,1933.9,29.7,3
hogar,patrimonial,14159.38,19.7,9
mascotas,veterinario,682.96,4.0,3
mascotas,veterinario,208.23,37.7,2
hogar,patrimonial,2065.07,17.8,8
hogar,patrimonial,79100.33,4.1,1
movilidad,danos_propios,804.66,47.1,5
salud,medico,8545.65,42.9,2
hogar,patrimonial,8224.44,1.7,4
hogar,patrimonial,3830.34,15.0,6
movilidad,responsabilidad_civil,5248.17,46.1,1
movilidad,responsabilidad_civil,7598.92,36.1,5
mascotas,veterinario,421.57,32.3,2
salud,medico,15399.57,39.9,10
mascotas,veterinario,180.07,43.0,5
movilidad,responsabilidad_civil,3454.08,25.8,9
movilidad,danos_propios,5459.8,12.8,8
mascotas,veterinario,438.2,10.6,3
movilidad,danos_propios,1548.68,59.0,12
movilidad,danos_propios,17295.62,1.9,2
movilidad,responsabilidad_civil,1234.9,30.7,12
salud,medico,13609.28,47.7,3
salud,medico,18339.75,7.7,9
hogar,patrimonial,7685.42,30.3,8
movilidad,responsabilidad_civil,12636.49,27.4,3
mascotas,veterinario,66.94,29.4,5
salud,medico,13188.54,4.8,4
movilidad,responsabilidad_civil,3248.0,22.5,2
mascotas,veterinario,173.31,23.3,6
hogar,patrimonial,9311.01,23.2,2
hogar,patrimonial,8722.93,20.5,3
salud,medico,19830.12,20.9,7
salud,medico,28524.48,43.0,2
mascotas,veterinario,220.74,11.5,4
mascotas,veterinario,448.26,59.0,7
hogar,patrimonial,34231.44,31.7,4
mascotas,veterinario,104.7,55.3,6
movilidad,responsabilidad_civil,935.47,46.1,4
salud,medico,10751.52,6.9,10
mascotas,veterinario,147.8,8.7,6
hogar,patrimonial,17042.49,40.4,5
hogar,patrimonial,896.64,9.4,12
movilidad,danos_propios,1052.32,5.4,2
movilidad,danos_propios,8170.77,18.9,9
movilidad,responsabilidad_civil,1128.0,12.0,1
salud,medico,20602.47,29.1,3
hogar,patrimonial,10990.33,19.2,3
hogar,patrimonial,40080.8,26.2,1
hogar,patrimonial,2473.78,27.8,4
hogar,patrimonial,23601.05,46.2,12
salud,medico,10549.86,20.4,4
mascotas,veterinario,215.55,14.6,3
hogar,patrimonial,17242.22,59.5,2
movilidad,responsabilidad_civil,5290.18,6.5,10
hogar,patrimonial,20532.59,9.7,9
movilidad,danos_propios,2637.46,22.8,8
movilidad,danos_propios,1474.21,27.0,2
salud,medico,3558.01,2.6,7
mascotas,veterinario,892.36,41.3,6
mascotas,veterinario,114.17,48.3,5
hogar,patrimonial,18566.33,46.5,6
movilidad,responsabilidad_civil,9959.46,4.3,1
movilidad,danos_propios,3147.34,45.5,12
salud,medico,4304.02,17.6,2
mascotas,veterinario,973.35,52.6,7
mascotas,veterinario,115.01,51.3,6
movilidad,danos_propios,3878.61,51.0,6
hogar,patrimonial,3587.32,39.6,5
movilidad,danos_propios,3293.63,57.9,10
hogar,patrimonial,57186.5,52.8,7
movilidad,danos_propios,2532.82,44.5,5
movilidad,responsabilidad_civil,1126.92,52.7,9
mascotas,veterinario,59.65,55.6,4
salud,medico,7586.24,55.8,9
hogar,patrimonial,16773.38,30.7,11
salud,medico,2477.48,43.4,5
hogar,patrimonial,20625.1,46.5,5
salud,medico,8780.36,17.3,11
mascotas,veterinario,86.34,7.6,7
hogar,patrimonial,2380.25,35.0,2
salud,medico,14129.65,59.0,9
movilidad,danos_propios,951.43,21.8,12
hogar,patrimonial,4674.64,22.5,6
hogar,patrimonial,8868.39,12.8,10
mascotas,veterinario,34.1,24.9,6
salud,medico,15160.91,19.6,6
movilidad,responsabilidad_civil,4309.58,9.4,12
salud,medico,17986.17,41.4,12
movilidad,responsabilidad_civil,4114.02,3.1,5
hogar,patrimonial,1786.02,32.2,4
salud,medico,13293.92,6.0,11
movilidad,responsabilidad_civil,774.62,49.3,1
hogar,patrimonial,14298.54,13.7,9
salud,medico,16784.89,22.0,7
movilidad,responsabilidad_civil,1612.32,10.2,10
movilidad,danos_propios,5157.61,45.0,1
hogar,patrimonial,4010.89,17.2,10
hogar,patrimonial,3390.56,25.5,8
salud,medico,7479.68,26.9,4
salud,medico,10978.45,14.5,4
movilidad,danos_propios,21504.61,45.1,12
mascotas,veterinario,150.83,25.4,7
salud,medico,9347.29,10.1,6
mascotas,veterinario,170.18,15.3,6
mascotas,veterinario,312.31,21.0,4
mascotas,veterinario,67.73,28.7,1
salud,medico,4629.33,38.7,10
movilidad,responsabilidad_civil,2563.93,54.7,10
movilidad,danos_propios,8386.52,20.9,10
hogar,patrimonial,8260.55,4.1,5
hogar,patrimonial,4737.0,39.9,3
movilidad,danos_propios,2554.63,17.1,9
mascotas,veterinario,94.75,54.6,5
movilidad,danos_propios,2765.01,57.6,9
mascotas,veterinario,225.64,13.2,11
mascotas,veterinario,252.56,3.9,9
salud,medico,8844.16,59.3,6
salud,medico,2206.87,26.0,9
salud,medico,22119.71,45.9,2
mascotas,veterinario,254.46,9.4,7
hogar,patrimonial,3895.3,33.7,8
mascotas,veterinario,503.89,55.1,4
mascotas,veterinario,266.73,1.2,11
mascotas,veterinario,83.08,29.1,8
movilidad,danos_propios,4914.42,30.2,12
hogar,patrimonial,25133.24,9.0,9
salud,medico,3478.75,22.5,3
mascotas,veterinario,786.16,53.4,12
mascotas,veterinario,801.35,8.1,6
salud,medico,11118.53,38.7,11
movilidad,responsabilidad_civil,2311.16,23.2,3
mascotas,veterinario,531.15,7.0,6
movilidad,danos_propios,2143.49,41.0,9
salud,medico,4525.75,41.0,3
hogar,patrimonial,41600.09,17.9,5
hogar,patrimonial,12317.59,41.2,12
mascotas,veterinario,54.22,56.5,6
mascotas,veterinario,207.03,29.9,12
hogar,patrimonial,10307.57,9.8,11
mascotas,veterinario,560.66,57.2,8
hogar,patrimonial,254550.26,13.4,5
mascotas,veterinario,238.7,7.6,1
hogar,patrimonial,3037.57,15.0,12
salud,medico,9557.28,35.9,5
hogar,patrimonial,15377.27,30.8,12
mascotas,veterinario,1302.91,54.3,12
salud,medico,25570.21,11.7,7
movilidad,responsabilidad_civil,5597.95,18.2,9
salud,medico,16588.97,9.2,11
movilidad,danos_propios,4975.14,14.3,4
movilidad,danos_propios,26666.92,59.4,4
hogar,patrimonial,138407.11,14.8,8
movilidad,danos_propios,14807.56,37.2,10
movilidad,responsabilidad_civil,6036.6,26.4,12
salud,medico,14580.05,5.5,6
mascotas,veterinario,180.06,40.8,8
movilidad,responsabilidad_civil,1491.79,21.0,12
hogar,patrimonial,8910.23,38.7,12
movilidad,responsabilidad_civil,5414.43,7.1,1
salud,medico,14477.67,2.9,12
salud,medico,2016.25,45.2,7
mascotas,veterinario,111.11,36.1,10
salud,medico,30859.12,18.9,6
mascotas,veterinario,3221.45,4.7,1
salud,medico,3820.76,18.0,7
salud,medico,47246.29,38.3,4
movilidad,danos_propios,7865.01,24.8,1
movilidad,danos_propios,6607.03,6.8,7
hogar,patrimonial,17275.69,46.8,3
salud,medico,8162.48,3.8,4
mascotas,veterinario,522.53,37.6,10
hogar,patrimonial,4808.07,54.2,8
mascotas,veterinario,182.95,54.5,9
hogar,patrimonial,2328.11,48.9,9
salud,medico,20049.96,43.7,6
hogar,patrimonial,30339.98,44.9,8
mascotas,veterinario,640.66,58.8,3
mascotas,veterinario,137.56,38.4,10
mascotas,veterinario,531.45,7.1,10
salud,medico,16671.99,57.9,11
salud,medico,15090.28,52.8,9
hogar,patrimonial,16317.36,13.6,3
mascotas,veterinario,695.45,41.0,6
hogar,patrimonial,12658.89,12.0,11
hogar,patrimonial,9352.22,34.6,8
hogar,patrimonial,13551.06,26.9,10
movilidad,danos_propios,2453.31,41.7,7
mascotas,veterinario,260.02,10.5,2
salud,medico,5526.15,2.0,12
mascotas,veterinario,254.47,25.6,1
hogar,patrimonial,9552.93,21.3,10
salud,medico,29639.98,34.5,9
movilidad,danos_propios,8678.15,9.0,5
salud,medico,11846.51,21.2,12
salud,medico,8628.86,49.5,1
mascotas,veterinario,716.77,30.4,9
mascotas,veterinario,58.06,17.1,6
hogar,patrimonial,2985.42,52.8,7
mascotas,veterinario,464.16,1.4,3
mascotas,veterinario,2089.81,27.7,6
salud,medico,22126.81,18.2,12
hogar,patrimonial,2176.93,26.9,2
salud,medico,10121.21,25.2,4
hogar,patrimonial,5163.65,16.2,8
movilidad,danos_propios,4877.99,50.3,6
mascotas,veterinario,312.02,59.0,8
mascotas,veterinario,359.02,46.0,8
hogar,patrimonial,3660.05,25.4,6
hogar,patrimonial,5199.52,17.0,4
mascotas,veterinario,1434.82,52.6,3
movilidad,danos_propios,6626.22,14.9,3
mascotas,veterinario,197.87,38.4,7
hogar,patrimonial,5156.11,30.9,3
salud,medico,14595.66,59.5,11
movilidad,responsabilidad_civil,3690.1,58.1,5
hogar,patrimonial,4023.35,33.0,7
salud,medico,8678.32,35.8,11
salud,medico,9007.88,40.4,6
movilidad,responsabilidad_civil,7977.74,34.5,11
mascotas,veterinario,2115.36,9.9,5
salud,medico,36309.8,54.2,10
hogar,patrimonial,43648.94,1.8,4
salud,medico,4124.75,9.3,4
movilidad,responsabilidad_civil,3528.5,9.8,4
salud,medico,1912.92,12.2,8
movilidad,danos_propios,764.97,45.1,1
hogar,patrimonial,20673.65,39.7,12
hogar,patrimonial,6780.47,26.5,10
hogar,patrimonial,50778.43,40.8,7
hogar,patrimonial,4389.56,11.0,2
mascotas,veterinario,326.78,40.5,9
hogar,patrimonial,5193.3,18.0,3
mascotas,veterinario,253.97,32.9,9
mascotas,veterinario,216.73,50.3,4
movilidad,responsabilidad_civil,7236.43,45.6,5
movilidad,danos_propios,24514.94,59.7,8
hogar,patrimonial,7689.8,48.5,10
movilidad,danos_propios,1916.98,29.3,7
hogar,patrimonial,32150.08,19.0,2
movilidad,responsabilidad_civil,6208.71,25.4,10
mascotas,veterinario,160.49,32.3,8
movilidad,danos_propios,21054.17,17.3,11
hogar,patrimonial,19525.48,49.6,3
movilidad,danos_propios,9833.04,8.7,4
mascotas,veterinario,313.6,34.6,3
hogar,patrimonial,40519.44,9.3,12
mascotas,veterinario,137.45,10.6,1
mascotas,veterinario,1209.73,47.7,12
salud,medico,12471.13,5.1,4
hogar,patrimonial,25503.12,46.4,5
salud,medico,10420.49,47.8,6
mascotas,veterinario,1443.55,36.1,7
hogar,patrimonial,1073.75,18.5,2
movilidad,responsabilidad_civil,15128.61,57.0,1
movilidad,danos_propios,2295.61,5.8,11
hogar,patrimonial,13512.79,2.1,1
mascotas,veterinario,412.16,2.4,8
hogar,patrimonial,5789.73,54.6,6
hogar,patrimonial,11004.59,16.3,9
movilidad,responsabilidad_civil,4824.99,41.9,4
mascotas,veterinario,344.08,44.8,12
mascotas,veterinario,319.29,10.0,1
salud,medico,9787.32,1.1,3
hogar,patrimonial,8122.64,44.8,9
mascotas,veterinario,1027.92,37.7,12
movilidad,danos_propios,8793.73,48.8,7
hogar,patrimonial,8120.98,26.6,8
hogar,patrimonial,9695.08,15.9,6
salud,medico,8687.04,4.4,2
salud,medico,4677.28,48.7,8
mascotas,veterinario,250.76,55.4,12
mascotas,veterinario,528.32,51.7,5
movilidad,responsabilidad_civil,1608.16,55.8,10
mascotas,veterinario,105.7,11.9,3
movilidad,danos_propios,998.58,10.6,7
mascotas,veterinario,201.59,47.8,10
hogar,patrimonial,7603.97,18.7,9
mascotas,veterinario,864.33,25.1,10
salud,medico,9651.27,57.3,4
mascotas,veterinario,338.67,19.8,4
hogar,patrimonial,2162.46,57.0,9
hogar,patrimonial,7592.21,20.0,12
mascotas,veterinario,191.57,12.3,4
hogar,patrimonial,11364.62,22.6,5
hogar,patrimonial,8704.24,22.2,6
hogar,patrimonial,24150.14,8.0,9
mascotas,veterinario,360.48,28.0,3
hogar,patrimonial,4718.28,2.4,7
hogar,patrimonial,5791.6,34.4,11
salud,medico,9793.4,27.1,2
salud,medico,24523.64,25.4,8
movilidad,responsabilidad_civil,4841.63,12.8,5
mascotas,veterinario,169.6,25.4,6
hogar,patrimonial,13746.83,32.6,8
salud,medico,11671.61,30.4,1
movilidad,responsabilidad_civil,6343.68,17.0,11
movilidad,danos_propios,1918.67,22.3,4
salud,medico,6452.86,27.4,5
movilidad,danos_propios,5333.22,24.8,6
hogar,patrimonial,7201.31,5.0,9
hogar,patrimonial,5720.58,40.6,8
hogar,patrimonial,19849.98,25.8,12
mascotas,veterinario,1992.88,20.0,3
movilidad,danos_propios,6018.42,48.9,7
movilidad,danos_propios,7235.03,30.4,11
movilidad,responsabilidad_civil,5521.58,16.5,7
salud,medico,16115.28,36.7,12
hogar,patrimonial,4679.13,2.7,2
mascotas,veterinario,229.52,27.8,11
movilidad,danos_propios,7157.56,38.9,10
movilidad,responsabilidad_civil,895.37,31.8,11
mascotas,veterinario,130.7,9.9,4
movilidad,responsabilidad_civil,552.3,22.0,12
movilidad,danos_propios,1728.82,46.4,9
mascotas,veterinario,319.47,50.9,6
salud,medico,18841.66,12.4,5
hogar,patrimonial,1601.65,26.8,11
mascotas,veterinario,1150.63,24.3,9
salud,medico,22908.57,15.4,8
salud,medico,9247.77,40.2,3
movilidad,danos_propios,2378.51,46.8,12
movilidad,danos_propios,793.37,55.4,2
hogar,patrimonial,8168.38,49.0,10
movilidad,responsabilidad_civil,919.02,43.9,7
mascotas,veterinario,103.17,19.1,11
salud,medico,13344.85,45.6,7
mascotas,veterinario,82.56,16.0,2
mascotas,veterinario,525.28,29.5,3
mascotas,veterinario,292.06,57.4,3
hogar,patrimonial,3897.52,14.9,1
movilidad,danos_propios,3410.38,8.6,4
mascotas,veterinario,154.01,54.8,9
salud,medico,21028.98,39.2,6
movilidad,danos_propios,5171.21,1.3,8
salud,medico,106060.54,33.9,12
hogar,patrimonial,82100.83,59.2,8
salud,medico,9884.7,30.2,8
salud,medico,12769.7,36.3,12
salud,medico,17739.79,28.2,6
salud,medico,15315.5,41.9,12
mascotas,veterinario,615.75,51.2,1
hogar,patrimonial,20704.64,15.3,2
salud,medico,5710.82,15.3,5
movilidad,danos_propios,955.8,23.3,7
hogar,patrimonial,2954.38,56.0,1
hogar,patrimonial,4911.94,17.3,2
salud,medico,24538.33,42.9,7
movilidad,responsabilidad_civil,1858.05,59.2,7
mascotas,veterinario,478.46,33.6,5
hogar,patrimonial,4929.75,49.4,8
mascotas,veterinario,179.33,31.5,1
mascotas,veterinario,206.08,54.3,8
salud,medico,9956.01,26.5,4
movilidad,danos_propios,2034.86,55.5,7
salud,medico,2821.41,10.7,12
movilidad,danos_propios,2887.69,16.6,4
movilidad,responsabilidad_civil,5205.07,3.6,12
salud,medico,7129.98,33.6,6
movilidad,danos_propios,10982.3,24.4,12
salud,medico,3944.01,29.3,2
mascotas,veterinario,117.8,12.1,8
salud,medico,68290.04,7.5,12
mascotas,veterinario,586.31,36.4,4
salud,medico,7373.7,42.1,4
hogar,patrimonial,8793.36,19.1,8
hogar,patrimonial,8044.95,35.9,12
mascotas,veterinario,514.48,44.8,6
hogar,patrimonial,12701.23,52.7,5
hogar,patrimonial,6565.4,31.2,5
mascotas,veterinario,501.37,38.3,4
mascotas,veterinario,746.75,49.0,2
mascotas,veterinario,242.85,12.9,4
movilidad,danos_propios,3330.33,8.1,1
salud,medico,8967.4,47.2,6
mascotas,veterinario,435.43,32.7,11
mascotas,veterinario,392.91,19.7,1
mascotas,veterinario,435.78,34.1,11
movilidad,responsabilidad_civil,20281.74,11.0,7
mascotas,veterinario,2091.31,1.5,11
movilidad,responsabilidad_civil,3732.96,49.8,5
mascotas,veterinario,75.15,57.2,1
movilidad,danos_propios,7780.85,3.3,12
movilidad,responsabilidad_civil,1201.43,56.9,9
salud,medico,21674.39,33.2,5
hogar,patrimonial,13453.4,49.9,4
mascotas,veterinario,142.98,19.8,2
movilidad,danos_propios,12475.12,38.7,2
mascotas,veterinario,352.17,56.6,12
mascotas,veterinario,2022.86,2.8,1
salud,medico,7800.64,42.7,6
hogar,patrimonial,17638.44,27.4,5
salud,medico,18280.44,8.6,3
mascotas,veterinario,208.94,34.6,3
mascotas,veterinario,585.76,46.6,6
salud,medico,10813.37,32.2,7
salud,medico,4462.71,35.8,7
movilidad,danos_propios,2997.32,32.3,7
mascotas,veterinario,869.26,33.7,9
movilidad,responsabilidad_civil,2141.58,12.7,12
mascotas,veterinario,981.92,3.7,10
hogar,patrimonial,24214.24,35.7,4
mascotas,veterinario,210.92,42.9,9
hogar,patrimonial,6523.74,7.6,4
movilidad,danos_propios,3566.34,46.0,11
movilidad,responsabilidad_civil,1752.01,48.2,9
movilidad,responsabilidad_civil,2368.58,53.7,4
salud,medico,2683.45,5.4,10
mascotas,veterinario,46.68,44.4,11
hogar,patrimonial,12109.3,32.5,7
movilidad,danos_propios,9157.92,36.8,3
hogar,patrimonial,7689.59,3.9,8
movilidad,danos_propios,549.87,34.5,3
movilidad,responsabilidad_civil,4423.78,22.8,12
salud,medico,16041.55,49.5,3
hogar,patrimonial,13096.9,10.6,12
hogar,patrimonial,13313.1,14.3,11
salud,medico,1382.84,52.2,2
mascotas,veterinario,200.87,52.6,5
hogar,patrimonial,7162.32,47.0,7
salud,medico,9386.17,45.9,7
mascotas,veterinario,160.41,53.9,8
mascotas,veterinario,1140.11,35.5,7
movilidad,danos_propios,5007.81,36.8,9
salud,medico,3426.23,43.3,3
hogar,patrimonial,6349.57,5.6,6
hogar,patrimonial,11117.04,40.0,9
movilidad,responsabilidad_civil,632.91,32.5,8
mascotas,veterinario,268.26,5.6,3
hogar,patrimonial,8649.91,5.0,3
salud,medico,32041.04,52.3,7
hogar,patrimonial,34505.66,17.2,11
mascotas,veterinario,999.66,15.4,8
hogar,patrimonial,6467.96,17.4,2
movilidad,danos_propios,15049.8,42.9,9
movilidad,danos_propios,1229.16,9.3,6
movilidad,responsabilidad_civil,6625.72,16.1,6
movilidad,danos_propios,15744.61,15.2,10
mascotas,veterinario,302.45,28.7,11
movilidad,responsabilidad_civil,1480.58,16.5,7
salud,medico,11273.01,43.5,6
salud,medico,42779.62,51.2,10
hogar,patrimonial,26148.13,20.9,9
mascotas,veterinario,132.84,32.0,9
movilidad,danos_propios,2164.04,56.8,4
movilidad,responsabilidad_civil,4249.78,45.6,10
hogar,patrimonial,2728.64,59.9,2
hogar,patrimonial,4269.07,35.8,10
movilidad,responsabilidad_civil,3070.89,26.7,3
mascotas,veterinario,192.22,21.1,8
hogar,patrimonial,31338.1,39.7,3
mascotas,veterinario,252.38,31.3,8
salud,medico,2465.06,21.4,8
salud,medico,7341.05,3.8,6
salud,medico,11495.05,40.6,1
salud,medico,29855.13,51.2,10
movilidad,responsabilidad_civil,670.79,33.8,6
movilidad,danos_propios,9512.96,38.8,2
hogar,patrimonial,5479.04,22.5,9
hogar,patrimonial,5610.98,15.5,10
hogar,patrimonial,4468.08,54.1,6
movilidad,danos_propios,4158.97,12.5,1
mascotas,veterinario,363.51,39.3,8
mascotas,veterinario,1252.41,21.4,2
salud,medico,2396.57,50.7,9
mascotas,veterinario,972.62,59.1,8
salud,medico,24676.0,36.1,1
hogar,patrimonial,10328.5,51.2,5
hogar,patrimonial,11867.3,39.3,7
mascotas,veterinario,214.64,33.8,11
hogar,patrimonial,24929.44,31.1,7
mascotas,veterinario,215.32,3.4,6
hogar,patrimonial,91549.81,55.1,3
movilidad,responsabilidad_civil,1603.95,21.0,10
movilidad,responsabilidad_civil,903.77,17.3,5
movilidad,danos_propios,1223.04,28.6,6
salud,medico,26264.72,44.4,6
hogar,patrimonial,3989.16,3.9,6
movilidad,responsabilidad_civil,5632.4,60.0,10
salud,medico,7717.76,37.0,8
mascotas,veterinario,125.67,36.3,9
salud,medico,3859.05,48.3,3
salud,medico,2459.4,56.3,11
salud,medico,37567.53,30.9,3
salud,medico,5483.97,24.1,4
mascotas,veterinario,1100.56,8.6,5
salud,medico,14244.67,12.0,4
movilidad,danos_propios,16255.29,17.1,12
salud,medico,8974.16,32.5,11
hogar,patrimonial,12087.78,5.9,4
hogar,patrimonial,17459.21,2.0,3
salud,medico,17247.99,37.0,10
hogar,patrimonial,1297.57,52.6,3
salud,medico,12158.72,49.2,5
mascotas,veterinario,439.95,24.4,6
movilidad,responsabilidad_civil,2852.23,53.3,8
mascotas,veterinario,229.63,10.5,8
salud,medico,19357.63,53.7,1
hogar,patrimonial,2894.04,58.4,3
mascotas,veterinario,1450.17,37.0,10
mascotas,veterinario,2991.76,26.4,2
hogar,patrimonial,12824.15,10.2,11
movilidad,danos_propios,14664.93,16.2,8
hogar,patrimonial,11146.0,3.1,8
salud,medico,33408.06,24.8,11
hogar,patrimonial,31109.01,54.9,7
mascotas,veterinario,784.36,25.1,5
hogar,patrimonial,3123.53,57.2,10
hogar,patrimonial,15609.37,4.8,2
movilidad,responsabilidad_civil,4068.45,13.3,2
movilidad,responsabilidad_civil,1318.96,18.0,8
movilidad,responsabilidad_civil,1580.56,19.9,5
movilidad,danos_propios,316.44,48.9,3
movilidad,danos_propios,4622.81,53.5,8
salud,medico,1056.83,49.4,6
salud,medico,20863.08,5.1,2
salud,medico,18894.62,56.7,10
salud,medico,9842.64,55.4,8
salud,medico,12945.4,50.5,6
mascotas,veterinario,374.25,11.2,1
hogar,patrimonial,11838.98,55.2,11
salud,medico,6428.36,24.0,11
movilidad,danos_propios,1490.12,31.6,12
movilidad,responsabilidad_civil,6700.68,9.2,3
salud,medico,22305.5,34.7,12
hogar,patrimonial,2817.12,18.8,6
hogar,patrimonial,6548.28,35.3,4
salud,medico,11598.39,14.1,7
salud,medico,18780.29,57.6,11
movilidad,responsabilidad_civil,5049.3,27.1,4
movilidad,responsabilidad_civil,1182.2,20.2,2
hogar,patrimonial,13800.24,38.5,4
salud,medico,33159.43,7.8,2
movilidad,responsabilidad_civil,7606.85,20.3,12
movilidad,danos_propios,5906.07,38.9,6
hogar,patrimonial,4656.06,19.6,12
hogar,patrimonial,15466.55,29.0,3
salud,medico,5853.93,1.4,9
salud,medico,11609.55,53.3,8
mascotas,veterinario,446.03,21.2,12
salud,medico,5317.19,19.8,9
mascotas,veterinario,105.18,43.8,10
hogar,patrimonial,10805.64,19.3,5
mascotas,veterinario,132.34,35.3,1
salud,medico,9160.44,1.0,6
mascotas,veterinario,40.49,55.9,5
movilidad,danos_propios,4185.49,7.4,7
hogar,patrimonial,8320.97,17.1,4
hogar,patrimonial,9188.9,20.1,1
mascotas,veterinario,130.55,31.4,7
salud,medico,7525.1,6.1,8
hogar,patrimonial,17688.82,39.9,1
mascotas,veterinario,132.04,21.1,11
movilidad,danos_propios,2804.42,56.7,10
hogar,patrimonial,8274.82,30.9,1
hogar,patrimonial,5562.64,55.1,3
hogar,patrimonial,10258.27,27.3,3
mascotas,veterinario,110.54,12.6,10
movilidad,danos_propios,6951.83,9.7,7
salud,medico,8298.27,25.6,6
salud,medico,17073.92,57.9,4
hogar,patrimonial,8650.97,54.2,4
salud,medico,26687.96,7.0,4
salud,medico,11555.64,2.6,9
salud,medico,25690.08,36.4,1
hogar,patrimonial,3820.89,11.6,9
mascotas,veterinario,1285.68,52.1,10
salud,medico,26752.17,26.6,3
hogar,patrimonial,13290.34,11.7,2
movilidad,danos_propios,2236.38,24.1,10
movilidad,danos_propios,2722.81,47.2,6
mascotas,veterinario,159.36,54.3,8
movilidad,responsabilidad_civil,5793.26,11.3,5
salud,medico,18489.32,13.7,3
mascotas,veterinario,324.14,16.3,2
salud,medico,11897.47,27.5,4
hogar,patrimonial,2737.52,32.0,1
mascotas,veterinario,97.39,47.1,4
hogar,patrimonial,6476.73,58.2,3
mascotas,veterinario,181.94,11.5,10
mascotas,veterinario,330.16,59.7,10
movilidad,danos_propios,2776.52,8.8,3
hogar,patrimonial,8483.4,41.8,10
movilidad,responsabilidad_civil,1804.82,18.0,3
movilidad,responsabilidad_civil,567.19,52.3,2
mascotas,veterinario,404.79,8.0,8
mascotas,veterinario,798.45,36.4,12
salud,medico,7793.57,31.7,8
mascotas,veterinario,307.99,30.9,2
movilidad,responsabilidad_civil,1062.42,2.4,3
hogar,patrimonial,5185.01,45.2,3
salud,medico,8601.3,30.9,9
salud,medico,5377.82,43.9,1
movilidad,danos_propios,1273.64,2.8,10
hogar,patrimonial,5051.73,14.8,1
hogar,patrimonial,2262.43,28.2,3
hogar,patrimonial,75123.26,19.2,8
hogar,patrimonial,8312.75,45.0,9
hogar,patrimonial,5042.0,8.5,6
salud,medico,6452.37,20.9,11
hogar,patrimonial,7380.71,39.6,7
mascotas,veterinario,275.87,9.8,3
mascotas,veterinario,409.73,8.4,5
movilidad,responsabilidad_civil,18334.1,34.4,3
salud,medico,31263.14,8.6,9
salud,medico,9330.56,5.7,10
hogar,patrimonial,7587.64,14.9,8
mascotas,veterinario,340.1,39.6,3
salud,medico,23082.38,35.5,2
movilidad,danos_propios,269.22,52.0,7
mascotas,veterinario,190.33,7.7,1
hogar,patrimonial,4765.11,21.5,5
hogar,patrimonial,7061.05,7.5,8
mascotas,veterinario,134.52,32.4,12
hogar,patrimonial,6641.88,17.1,1
mascotas,veterinario,190.15,30.8,12
hogar,patrimonial,16604.13,21.7,1
movilidad,danos_propios,6569.88,51.1,3
movilidad,danos_propios,2706.27,55.2,12
mascotas,veterinario,366.99,51.9,7
mascotas,veterinario,77.32,3.9,6
movilidad,responsabilidad_civil,6958.65,1.5,1
salud,medico,19102.18,57.1,10
movilidad,responsabilidad_civil,1716.37,36.2,2
mascotas,veterinario,90.29,32.2,6
movilidad,responsabilidad_civil,509.27,50.5,3
movilidad,danos_propios,3882.09,46.5,6
hogar,patrimonial,13537.16,33.0,4
mascotas,veterinario,659.77,50.3,11
mascotas,veterinario,74.9,27.5,3
salud,medico,6462.11,33.9,10
mascotas,veterinario,189.95,41.9,3
hogar,patrimonial,7512.29,55.0,6
mascotas,veterinario,82.01,21.0,11
hogar,patrimonial,8902.27,48.1,5
salud,medico,31007.86,41.0,1
movilidad,danos_propios,3290.25,15.6,4
mascotas,veterinario,201.71,11.7,5
movilidad,responsabilidad_civil,1638.25,5.1,12
movilidad,danos_propios,3570.52,38.5,10
movilidad,responsabilidad_civil,1576.25,59.5,10
mascotas,veterinario,216.9,42.2,10
movilidad,responsabilidad_civil,1881.39,55.4,8
mascotas,veterinario,68.84,41.3,2
movilidad,danos_propios,570.98,16.8,4
salud,medico,14024.39,21.9,7
movilidad,danos_propios,894.73,34.2,6
hogar,patrimonial,1819.14,31.8,6
salud,medico,5684.03,29.5,8
mascotas,veterinario,388.54,47.2,5
movilidad,danos_propios,818.6,16.0,6
mascotas,veterinario,257.71,18.5,8
salud,medico,5859.29,24.2,10
mascotas,veterinario,254.93,36.5,9
mascotas,veterinario,206.35,57.8,4
mascotas,veterinario,548.87,32.8,11
mascotas,veterinario,813.84,47.9,3
mascotas,veterinario,1498.61,55.0,11
movilidad,responsabilidad_civil,602.76,10.0,6
salud,medico,16988.22,7.2,1
salud,medico,6828.63,54.0,8
salud,medico,10736.33,3.4,6
salud,medico,8134.15,55.2,9
hogar,patrimonial,4962.07,50.1,5
movilidad,danos_propios,4285.81,45.9,5
hogar,patrimonial,3860.29,45.5,6
mascotas,veterinario,381.96,15.2,2
salud,medico,2586.82,27.8,3
hogar,patrimonial,5683.75,43.7,4
movilidad,responsabilidad_civil,49067.79,51.4,8
salud,medico,6256.99,34.1,6
hogar,patrimonial,9620.43,11.6,11
movilidad,danos_propios,4328.56,26.9,12
mascotas,veterinario,170.12,48.1,12
salud,medico,4903.75,52.8,7
hogar,patrimonial,2916.59,55.4,1
salud,medico,8299.28,52.6,4
hogar,patrimonial,6344.26,1.4,7
salud,medico,1721.01,42.6,12
movilidad,danos_propios,5762.66,24.3,8
salud,medico,10710.42,26.6,9
mascotas,veterinario,75.84,55.2,10
salud,medico,12173.05,1.6,10
salud,medico,16021.21,39.1,6
salud,medico,13618.29,45.6,1
mascotas,veterinario,1465.8,41.0,4
mascotas,veterinario,167.95,46.9,3
hogar,patrimonial,11970.25,58.7,7
salud,medico,8008.52,9.0,7
mascotas,veterinario,502.24,16.0,7
mascotas,veterinario,112.39,15.7,5
movilidad,danos_propios,6032.16,18.0,2
mascotas,veterinario,296.55,57.3,12
movilidad,danos_propios,1646.08,11.0,8
movilidad,responsabilidad_civil,1135.69,51.0,11
mascotas,veterinario,359.25,10.2,6
salud,medico,14389.84,31.9,7
movilidad,danos_propios,22576.32,11.9,3
movilidad,responsabilidad_civil,8798.22,19.6,3
salud,medico,7054.56,31.6,7
movilidad,responsabilidad_civil,5800.1,33.3,10
salud,medico,5849.7,47.6,2
hogar,patrimonial,2662.29,29.0,3
movilidad,responsabilidad_civil,842.44,5.7,10
salud,medico,6708.86,39.7,10
mascotas,veterinario,385.55,32.6,1
movilidad,responsabilidad_civil,2790.95,25.7,10
mascotas,veterinario,136.05,44.8,2
salud,medico,7027.14,10.3,3
salud,medico,12295.63,21.9,11
mascotas,veterinario,46.24,12.0,6
movilidad,responsabilidad_civil,9172.72,40.1,12
salud,medico,9258.94,59.8,1
mascotas,veterinario,242.79,47.8,12
mascotas,veterinario,1131.53,31.4,12
hogar,patrimonial,1526.39,29.3,12
movilidad,responsabilidad_civil,3667.23,32.7,11
mascotas,veterinario,363.75,24.3,4
hogar,patrimonial,7718.51,1.1,10
movilidad,danos_propios,1824.62,59.2,5
movilidad,responsabilidad_civil,191.87,29.5,11
hogar,patrimonial,32264.15,47.6,6
mascotas,veterinario,215.62,19.4,7
salud,medico,10020.46,28.9,3
mascotas,veterinario,430.05,53.3,8
hogar,patrimonial,13967.07,26.4,12
salud,medico,7381.1,57.3,9
hogar,patrimonial,12923.23,24.4,3
hogar,patrimonial,15665.98,43.7,10
salud,medico,5150.13,48.9,2
salud,medico,3683.56,15.6,4
hogar,patrimonial,7571.36,33.4,9
movilidad,danos_propios,3474.97,52.1,7
hogar,patrimonial,26187.04,58.7,8
movilidad,responsabilidad_civil,4847.47,19.2,1
movilidad,responsabilidad_civil,2601.45,42.2,7
mascotas,veterinario,660.35,42.6,5
hogar,patrimonial,54101.07,29.3,9
salud,medico,18392.17,18.8,10
mascotas,veterinario,690.27,36.0,9
movilidad,responsabilidad_civil,216.87,27.9,11
salud,medico,6469.46,52.1,11
mascotas,veterinario,337.78,59.6,10
movilidad,responsabilidad_civil,8938.41,51.6,6
movilidad,danos_propios,3144.24,48.4,8
movilidad,responsabilidad_civil,6236.9,43.7,3
movilidad,responsabilidad_civil,1683.55,28.0,8
mascotas,veterinario,124.84,24.7,9
salud,medico,6571.78,45.1,9
mascotas,veterinario,586.53,6.6,2
salud,medico,27560.13,26.2,11
movilidad,responsabilidad_civil,1655.69,23.8,5
movilidad,responsabilidad_civil,8297.92,40.2,12
hogar,patrimonial,9522.33,48.8,3
movilidad,responsabilidad_civil,2239.51,45.3,4
movilidad,responsabilidad_civil,959.28,24.8,10
movilidad,danos_propios,7186.34,39.9,4
mascotas,veterinario,739.93,13.2,8
hogar,patrimonial,2856.7,51.1,3
salud,medico,6839.48,19.8,5
mascotas,veterinario,185.15,22.6,5
salud,medico,23958.95,16.2,3
movilidad,responsabilidad_civil,6057.77,5.2,5
movilidad,responsabilidad_civil,2348.87,22.8,1
movilidad,danos_propios,13267.53,51.0,9
movilidad,danos_propios,958.85,27.4,6
salud,medico,6336.63,19.3,8
hogar,patrimonial,5187.81,17.7,5
movilidad,danos_propios,717.58,13.3,6
mascotas,veterinario,128.57,34.2,4
hogar,patrimonial,3584.67,46.4,12
movilidad,responsabilidad_civil,3701.35,38.1,11
mascotas,veterinario,74.78,22.9,2
mascotas,veterinario,86.64,21.4,7
salud,medico,12650.37,23.4,5
hogar,patrimonial,8944.1,21.3,10
mascotas,veterinario,330.91,30.3,7
mascotas,veterinario,1022.63,16.6,3
hogar,patrimonial,7666.8,42.3,11
mascotas,veterinario,102.35,59.6,12
hogar,patrimonial,17662.73,7.3,11
movilidad,danos_propios,2950.2,54.9,9
salud,medico,7567.17,54.2,4
hogar,patrimonial,3290.9,17.6,3
salud,medico,15355.44,31.7,5
mascotas,veterinario,216.14,33.7,5
movilidad,danos_propios,1185.23,47.8,8
mascotas,veterinario,263.03,18.7,12
mascotas,veterinario,34.85,52.7,2
movilidad,danos_propios,8236.39,9.3,10
salud,medico,24354.06,11.2,10
hogar,patrimonial,2533.58,45.6,12
salud,medico,19322.98,51.1,6
hogar,patrimonial,130862.94,23.5,9
salud,medico,54776.66,53.1,7
movilidad,responsabilidad_civil,9683.23,27.7,1
hogar,patrimonial,18435.29,51.1,3
movilidad,responsabilidad_civil,2162.0,46.0,11
salud,medico,5982.51,27.8,11
movilidad,danos_propios,3355.45,30.8,5
mascotas,veterinario,41.07,6.0,8
hogar,patrimonial,13260.27,51.4,3
salud,medico,3279.89,58.0,6
movilidad,responsabilidad_civil,3087.03,8.5,2
mascotas,veterinario,135.55,11.6,8
movilidad,danos_propios,9483.84,3.1,3
salud,medico,5132.21,41.1,10
movilidad,responsabilidad_civil,5909.09,8.0,9
salud,medico,1710.6,22.5,3
movilidad,danos_propios,9114.53,15.5,6
mascotas,veterinario,235.86,53.9,6
movilidad,responsabilidad_civil,5703.15,16.5,10
salud,medico,5046.45,36.4,12
hogar,patrimonial,21022.6,8.9,8
mascotas,veterinario,457.18,27.0,9
mascotas,veterinario,484.27,50.8,9
hogar,patrimonial,38652.23,39.5,3
hogar,patrimonial,37000.05,45.0,8
mascotas,veterinario,82.43,40.6,10
salud,medico,15444.87,55.5,11
salud,medico,9483.48,6.6,4
salud,medico,11465.01,43.6,2
hogar,patrimonial,19837.91,53.0,4
salud,medico,3140.1,13.0,12
salud,medico,21818.99,10.1,8
mascotas,veterinario,635.9,21.3,2
movilidad,danos_propios,4302.37,32.4,6
mascotas,veterinario,232.59,2.0,4
salud,medico,25589.89,52.9,6
hogar,patrimonial,43178.99,12.9,8
hogar,patrimonial,8320.45,32.0,5
hogar,patrimonial,11059.97,54.8,9
salud,medico,4515.75,50.2,8
movilidad,responsabilidad_civil,12750.82,58.2,5
movilidad,responsabilidad_civil,1059.23,18.5,7
mascotas,veterinario,68.23,13.1,6
hogar,patrimonial,65390.14,27.1,4
movilidad,danos_propios,3152.44,50.2,5
movilidad,responsabilidad_civil,3401.41,30.3,10
movilidad,responsabilidad_civil,1420.79,36.5,9
hogar,patrimonial,29154.53,12.4,9
salud,medico,35204.31,41.2,6
hogar,patrimonial,2580.05,39.6,8
salud,medico,6908.27,29.4,1
hogar,patrimonial,6025.77,55.2,12
mascotas,veterinario,391.83,18.6,8
mascotas,veterinario,398.97,12.0,9
mascotas,veterinario,2511.26,17.4,4
salud,medico,9857.08,55.4,3
mascotas,veterinario,115.2,13.5,12
salud,medico,4549.09,56.0,12
hogar,patrimonial,6682.36,17.2,8
salud,medico,7690.7,45.7,8
movilidad,responsabilidad_civil,846.9,55.8,12
salud,medico,10453.8,12.0,9
salud,medico,11557.92,58.5,11
hogar,patrimonial,9314.88,34.9,2
hogar,patrimonial,35492.42,25.5,7
hogar,patrimonial,6165.33,8.4,7
movilidad,responsabilidad_civil,3322.88,5.6,12
hogar,patrimonial,14139.12,55.1,7
salud,medico,12254.41,41.7,7
mascotas,veterinario,99.55,57.7,1
salud,medico,4209.1,25.8,9
mascotas,veterinario,730.99,31.4,8
hogar,patrimonial,1155.57,51.2,3
salud,medico,4807.62,41.8,8
hogar,patrimonial,12398.05,30.7,8
mascotas,veterinario,418.52,45.4,2
mascotas,veterinario,311.87,38.8,9
hogar,patrimonial,4109.45,36.7,1
mascotas,veterinario,442.79,14.9,2
movilidad,danos_propios,2967.82,45.8,8
salud,medico,10977.46,12.5,10
mascotas,veterinario,235.57,55.2,7
salud,medico,24872.64,31.4,2
hogar,patrimonial,5668.57,11.8,11
movilidad,responsabilidad_civil,897.15,28.8,2
movilidad,danos_propios,7452.74,31.9,9
mascotas,veterinario,259.37,51.5,4
movilidad,responsabilidad_civil,1428.84,12.6,11
movilidad,responsabilidad_civil,2688.51,43.7,7
hogar,patrimonial,13167.59,55.5,9
mascotas,veterinario,1850.7,24.4,9
movilidad,responsabilidad_civil,4462.34,18.6,9
hogar,patrimonial,11123.78,14.0,8
movilidad,danos_propios,634.01,33.6,4
mascotas,veterinario,98.98,1.7,10
hogar,patrimonial,12848.86,50.6,1
hogar,patrimonial,4678.28,13.9,3
salud,medico,63114.74,1.8,8
movilidad,danos_propios,2656.98,19.5,12
mascotas,veterinario,4312.26,17.2,3
hogar,patrimonial,15809.99,40.3,2
movilidad,danos_propios,3786.82,14.9,11
mascotas,veterinario,318.98,29.9,9
movilidad,danos_propios,32093.0,44.9,5
movilidad,responsabilidad_civil,5585.01,35.5,11
hogar,patrimonial,13792.08,15.5,2
salud,medico,7882.03,38.9,3
mascotas,veterinario,88.76,18.5,11
mascotas,veterinario,575.76,24.3,3
hogar,patrimonial,5741.68,3.2,8
mascotas,veterinario,397.1,4.0,5
salud,medico,9608.27,16.1,11
hogar,patrimonial,9161.91,37.4,8
mascotas,veterinario,212.07,24.2,11
hogar,patrimonial,27482.33,41.5,10
movilidad,danos_propios,15739.56,13.7,3
salud,medico,4936.5,15.7,4
mascotas,veterinario,1129.59,47.5,10
mascotas,veterinario,246.44,26.6,3
movilidad,danos_propios,1600.21,12.3,2
movilidad,responsabilidad_civil,1168.92,50.3,9
movilidad,responsabilidad_civil,4268.99,8.3,11
movilidad,danos_propios,4058.44,22.1,8
movilidad,danos_propios,46650.46,12.5,1
hogar,patrimonial,14749.67,46.0,10
salud,medico,25088.18,39.3,4
hogar,patrimonial,4382.9,39.0,7
movilidad,responsabilidad_civil,21956.73,38.0,10
mascotas,veterinario,698.68,8.1,12
salud,medico,17574.85,25.0,9
salud,medico,29125.62,5.2,12
mascotas,veterinario,1751.87,21.2,2
mascotas,veterinario,246.12,31.7,2
mascotas,veterinario,88.29,57.5,7
mascotas,veterinario,345.34,1.1,2
salud,medico,6300.86,18.7,8
movilidad,danos_propios,11734.04,25.0,7
mascotas,veterinario,133.58,50.6,4
mascotas,veterinario,534.72,6.0,2
movilidad,danos_propios,4046.53,28.2,8
mascotas,veterinario,58.0,9.2,9
movilidad,responsabilidad_civil,1795.4,44.0,4
salud,medico,4874.43,59.1,2
salud,medico,5587.91,13.3,10
hogar,patrimonial,8817.76,10.3,8
movilidad,responsabilidad_civil,617.38,16.0,6
salud,medico,5187.35,2.2,7
hogar,patrimonial,3501.57,20.7,5
hogar,patrimonial,10933.59,24.4,11
movilidad,danos_propios,722.02,8.0,10
salud,medico,21275.3,58.3,9
mascotas,veterinario,629.77,34.4,5
movilidad,danos_propios,4671.88,18.8,7
hogar,patrimonial,8644.96,8.4,6
mascotas,veterinario,129.35,15.5,4
movilidad,danos_propios,933.45,34.7,9
hogar,patrimonial,3539.48,17.1,7
movilidad,danos_propios,6053.96,28.4,6
salud,medico,4609.11,21.8,5
salud,medico,6209.36,47.1,7
mascotas,veterinario,1656.97,47.1,12
salud,medico,15933.49,4.4,12
salud,medico,4564.45,3.1,2
salud,medico,9380.65,22.0,1
mascotas,veterinario,212.73,21.0,4
mascotas,veterinario,197.67,27.4,9
mascotas,veterinario,138.64,43.3,4
movilidad,danos_propios,6797.76,52.2,3
movilidad,responsabilidad_civil,10257.02,52.5,9
salud,medico,7172.53,30.3,8
mascotas,veterinario,459.82,52.1,8
hogar,patrimonial,47129.09,20.3,10
hogar,patrimonial,22873.37,29.9,7
hogar,patrimonial,15809.54,51.6,8
hogar,patrimonial,12245.81,31.2,2
hogar,patrimonial,1763.54,53.9,1
salud,medico,9744.38,4.4,7
mascotas,veterinario,737.93,28.6,5
hogar,patrimonial,29752.37,9.9,8
hogar,patrimonial,9353.28,21.1,4
salud,medico,6397.97,25.2,2
salud,medico,21492.24,2.0,1
salud,medico,76200.52,7.1,8
salud,medico,43839.68,55.7,10
hogar,patrimonial,28410.6,39.6,2
movilidad,danos_propios,6687.3,35.4,12
mascotas,veterinario,261.49,23.3,5
mascotas,veterinario,339.65,58.9,9
mascotas,veterinario,411.06,45.6,6
salud,medico,3854.46,49.8,1
movilidad,danos_propios,19283.27,19.5,11
hogar,patrimonial,10042.92,21.1,8
mascotas,veterinario,162.78,54.7,11
movilidad,danos_propios,8422.41,38.7,12
mascotas,veterinario,650.94,40.2,8
movilidad,danos_propios,6299.61,14.6,5
movilidad,danos_propios,2497.47,48.0,2
mascotas,veterinario,219.2,46.6,8
movilidad,responsabilidad_civil,3458.37,20.1,9
salud,medico,39246.18,55.2,12
mascotas,veterinario,158.01,52.8,12
mascotas,veterinario,360.65,22.6,1
hogar,patrimonial,4042.93,40.0,4
mascotas,veterinario,122.17,6.0,11
mascotas,veterinario,1144.8,44.9,3
salud,medico,9010.0,17.1,1
mascotas,veterinario,110.14,28.2,10
mascotas,veterinario,187.75,4.6,9
hogar,patrimonial,20416.48,5.7,3
salud,medico,2675.78,1.3,4
movilidad,responsabilidad_civil,782.06,36.3,10
hogar,patrimonial,6451.54,43.5,1
hogar,patrimonial,3291.33,50.7,9
hogar,patrimonial,3103.65,3.4,9
movilidad,danos_propios,8014.09,15.2,3
mascotas,veterinario,392.59,29.3,3
movilidad,danos_propios,4654.69,14.4,5
hogar,patrimonial,15820.64,38.0,9
movilidad,danos_propios,1851.54,55.9,1
hogar,patrimonial,38302.57,17.9,11
movilidad,danos_propios,6067.06,22.9,9
salud,medico,20851.83,27.0,1
salud,medico,7689.19,27.6,6
salud,medico,15108.88,30.7,8
mascotas,veterinario,62.15,32.4,3
salud,medico,7164.0,60.0,8
mascotas,veterinario,198.59,59.1,6
movilidad,danos_propios,1098.61,24.3,10
mascotas,veterinario,456.93,19.7,5
salud,medico,21254.05,8.3,11
mascotas,veterinario,256.11,25.1,7
salud,medico,6419.37,5.5,6
salud,medico,9153.69,6.6,9
movilidad,responsabilidad_civil,3537.32,23.9,8
hogar,patrimonial,9294.43,4.5,7
mascotas,veterinario,438.06,49.5,11
mascotas,veterinario,158.83,38.6,2
mascotas,veterinario,407.82,1.3,11
mascotas,veterinario,44.29,3.4,7
mascotas,veterinario,76.53,46.3,2
movilidad,danos_propios,5515.06,29.2,4
mascotas,veterinario,647.43,2.5,4
hogar,patrimonial,19646.09,59.4,9
hogar,patrimonial,7851.01,50.1,5
mascotas,veterinario,814.06,17.7,8
mascotas,veterinario,635.69,35.8,6
movilidad,responsabilidad_civil,5042.44,57.0,1
movilidad,responsabilidad_civil,1221.91,31.2,2
mascotas,veterinario,527.16,15.0,3
mascotas,veterinario,447.19,45.9,7
hogar,patrimonial,73615.63,9.1,2
hogar,patrimonial,18385.47,34.5,6
movilidad,danos_propios,2246.33,47.7,9
hogar,patrimonial,3925.61,54.4,10
movilidad,responsabilidad_civil,3067.75,3.8,3
mascotas,veterinario,127.6,25.8,11
mascotas,veterinario,4277.42,37.6,5
mascotas,veterinario,785.25,10.7,7
hogar,patrimonial,15449.29,56.2,5
movilidad,responsabilidad_civil,1838.71,26.3,12
salud,medico,5728.3,33.6,10
mascotas,veterinario,116.97,8.3,5
hogar,patrimonial,14953.82,5.4,11
movilidad,danos_propios,4376.36,20.6,10
salud,medico,8590.08,58.0,2
mascotas,veterinario,211.26,28.4,5
mascotas,veterinario,690.82,53.4,7
mascotas,veterinario,334.64,17.4,12
hogar,patrimonial,17880.51,13.0,10
salud,medico,13385.44,42.5,11
movilidad,responsabilidad_civil,1597.92,55.2,11
hogar,patrimonial,1271.68,8.2,2
hogar,patrimonial,3302.84,39.2,2
hogar,patrimonial,8390.02,37.2,4
movilidad,responsabilidad_civil,3888.52,26.1,9
movilidad,responsabilidad_civil,3797.03,35.9,2
mascotas,veterinario,378.6,18.4,2
mascotas,veterinario,160.51,20.5,1
hogar,patrimonial,7878.66,56.5,12
mascotas,veterinario,405.9,48.2,7
salud,medico,13911.29,12.5,5
mascotas,veterinario,299.42,46.6,5
hogar,patrimonial,14862.77,52.6,2
movilidad,danos_propios,4999.92,12.1,4
mascotas,veterinario,99.59,15.3,4
salud,medico,5790.47,51.5,11
hogar,patrimonial,2218.28,12.1,8
mascotas,veterinario,61.89,44.3,7
mascotas,veterinario,138.53,3.6,5
salud,medico,1162.1,39.0,12
hogar,patrimonial,10376.92,14.9,11
mascotas,veterinario,820.32,13.3,5
movilidad,danos_propios,2309.29,47.0,7
hogar,patrimonial,19354.27,18.9,11
hogar,patrimonial,10657.64,24.4,7
mascotas,veterinario,388.67,23.0,9
salud,medico,6045.75,14.7,3
salud,medico,11301.72,11.2,10
salud,medico,4531.89,51.6,4
salud,medico,13311.87,12.1,7
mascotas,veterinario,209.94,43.5,9
salud,medico,5708.94,30.9,2
movilidad,danos_propios,6318.56,43.6,10
hogar,patrimonial,14230.79,16.8,1
salud,medico,15100.98,13.1,11
movilidad,responsabilidad_civil,1093.12,16.2,11
hogar,patrimonial,2032.54,52.3,4
salud,medico,2779.73,1.7,1
hogar,patrimonial,35940.9,14.3,8
salud,medico,3650.14,50.4,5
mascotas,veterinario,474.55,15.9,10
hogar,patrimonial,3817.94,33.5,10
salud,medico,20818.11,18.2,5
salud,medico,7065.84,17.9,9
mascotas,veterinario,124.04,25.3,3
movilidad,danos_propios,3274.31,23.6,4
salud,medico,6831.71,40.6,2
movilidad,responsabilidad_civil,6673.0,5.0,9
mascotas,veterinario,340.97,24.5,11
movilidad,responsabilidad_civil,1282.09,35.7,3
salud,medico,8953.84,2.7,9
mascotas,veterinario,107.93,31.0,2
mascotas,veterinario,200.05,48.6,4
salud,medico,12961.45,41.6,5
mascotas,veterinario,637.86,45.5,6
salud,medico,9110.27,27.6,11
salud,medico,2310.13,30.0,5
hogar,patrimonial,12257.37,12.5,5
salud,medico,29370.8,42.6,7
hogar,patrimonial,25495.43,17.1,10
salud,medico,5131.27,56.1,10
mascotas,veterinario,133.61,41.6,4
mascotas,veterinario,417.91,15.9,4
movilidad,danos_propios,5499.5,4.0,1
mascotas,veterinario,601.03,37.5,6
movilidad,responsabilidad_civil,2555.5,42.5,5
mascotas,veterinario,79.73,46.1,7
movilidad,responsabilidad_civil,17795.94,54.0,5
movilidad,responsabilidad_civil,291.57,59.2,7
hogar,patrimonial,2312.16,24.5,11
salud,medico,11550.28,38.9,7
mascotas,veterinario,391.98,49.3,10
salud,medico,16226.23,5.2,10
hogar,patrimonial,16521.31,15.3,8
salud,medico,15498.71,7.5,5
movilidad,responsabilidad_civil,16903.12,9.9,11
movilidad,danos_propios,5334.03,42.8,11
movilidad,danos_propios,3913.41,13.5,7
hogar,patrimonial,14803.75,48.4,6
movilidad,responsabilidad_civil,2515.45,52.3,12
movilidad,danos_propios,9737.05,21.6,11
movilidad,danos_propios,2816.55,53.5,3
salud,medico,14299.74,34.2,4
movilidad,danos_propios,3096.09,2.4,6
salud,medico,4208.98,59.1,3
salud,medico,18075.0,37.6,7
salud,medico,20221.64,5.8,8
salud,medico,14291.45,57.9,10
mascotas,veterinario,646.73,6.8,5
movilidad,danos_propios,11616.27,47.4,3
hogar,patrimonial,13275.51,44.7,6
mascotas,veterinario,376.54,36.9,9
movilidad,responsabilidad_civil,2433.1,22.6,8
movilidad,responsabilidad_civil,1235.96,32.1,7
movilidad,danos_propios,1081.44,54.3,3
salud,medico,12959.83,54.5,12
movilidad,responsabilidad_civil,2624.34,20.3,9
hogar,patrimonial,18395.26,4.5,8
salud,medico,11314.5,7.4,6
hogar,patrimonial,12628.88,33.5,12
salud,medico,12422.91,3.9,9
hogar,patrimonial,1161.58,7.5,3
salud,medico,6214.86,35.2,5
hogar,patrimonial,2855.72,22.1,11
hogar,patrimonial,9598.62,41.3,3
salud,medico,12401.87,29.5,9
movilidad,responsabilidad_civil,1573.66,53.4,8
mascotas,veterinario,220.6,29.2,12
salud,medico,30232.55,47.6,10
movilidad,responsabilidad_civil,8785.36,6.2,6
salud,medico,12687.8,51.0,6
movilidad,danos_propios,2335.84,41.0,4
hogar,patrimonial,10906.53,29.0,7
mascotas,veterinario,1165.03,51.2,3
mascotas,veterinario,239.06,51.3,10
salud,medico,6130.3,56.3,5
movilidad,responsabilidad_civil,2173.03,26.3,1
hogar,patrimonial,6945.71,46.8,9
movilidad,responsabilidad_civil,1940.47,54.0,8
salud,medico,2497.78,3.2,3
movilidad,danos_propios,6656.89,29.2,6
hogar,patrimonial,8059.83,49.5,7
mascotas,veterinario,506.08,6.9,11
mascotas,veterinario,440.17,7.5,10
salud,medico,8913.39,23.1,4
movilidad,responsabilidad_civil,3078.56,3.3,5
movilidad,responsabilidad_civil,2296.72,39.6,5
hogar,patrimonial,1974.13,24.6,12
mascotas,veterinario,214.6,38.7,7
salud,medico,9990.26,57.6,5
salud,medico,19936.8,45.0,3
hogar,patrimonial,55840.26,28.8,4
movilidad,danos_propios,4315.85,56.4,4
mascotas,veterinario,192.87,20.2,2
salud,medico,5759.7,18.0,8
mascotas,veterinario,137.17,30.1,10
movilidad,danos_propios,32866.85,53.3,7
mascotas,veterinario,542.06,39.6,7
hogar,patrimonial,13565.93,8.7,8
salud,medico,14563.27,33.8,10
movilidad,responsabilidad_civil,14720.23,33.8,8
salud,medico,4392.64,42.2,10
hogar,patrimonial,5005.77,15.4,3
salud,medico,4710.16,3.5,5
salud,medico,30686.42,23.9,2
hogar,patrimonial,4820.23,58.9,8
hogar,patrimonial,2964.61,30.6,11
mascotas,veterinario,73.9,53.7,12
mascotas,veterinario,851.72,31.5,3
salud,medico,4471.61,39.2,6
mascotas,veterinario,429.38,26.6,3
salud,medico,2216.85,19.2,3
salud,medico,5784.78,36.2,6
hogar,patrimonial,2427.75,38.7,1
movilidad,responsabilidad_civil,3692.9,51.9,10
mascotas,veterinario,282.61,17.8,10
salud,medico,3502.34,52.9,1
salud,medico,5883.63,17.8,10
salud,medico,7345.09,30.0,3
hogar,patrimonial,9628.93,46.7,1
movilidad,responsabilidad_civil,3896.07,11.7,12
mascotas,veterinario,411.47,28.9,3
movilidad,responsabilidad_civil,2112.07,26.1,12
salud,medico,14124.54,4.4,10
salud,medico,25290.13,49.1,12
movilidad,danos_propios,1983.27,15.9,10
movilidad,responsabilidad_civil,6305.62,3.0,3
movilidad,danos_propios,2149.74,44.9,11
mascotas,veterinario,149.79,14.5,3
movilidad,danos_propios,4109.23,35.1,12
hogar,patrimonial,21946.4,30.0,8
hogar,patrimonial,13272.06,35.0,3
salud,medico,5190.44,33.7,11
salud,medico,26241.33,17.4,10
salud,medico,20999.01,45.3,10
hogar,patrimonial,4146.95,2.8,2
movilidad,responsabilidad_civil,8551.04,41.7,12
salud,medico,8249.05,28.9,1
salud,medico,2773.56,40.9,4
mascotas,veterinario,636.97,48.3,4
hogar,patrimonial,7255.94,44.1,5
movilidad,danos_propios,594.73,4.4,10
salud,medico,6215.78,4.7,11
salud,medico,35141.17,9.6,3
movilidad,responsabilidad_civil,8302.75,42.8,11
movilidad,responsabilidad_civil,6892.29,6.2,6
salud,medico,8289.93,33.3,4
salud,medico,9872.18,58.5,5
hogar,patrimonial,13847.77,5.4,11
salud,medico,4431.93,40.9,4
movilidad,responsabilidad_civil,1632.45,6.5,12
hogar,patrimonial,14840.26,30.2,11
movilidad,responsabilidad_civil,1815.59,46.5,8
movilidad,danos_propios,1149.28,58.4,1
movilidad,danos_propios,2946.01,15.5,8
mascotas,veterinario,312.83,36.9,10
mascotas,veterinario,453.32,22.3,4
mascotas,veterinario,554.76,42.5,7
hogar,patrimonial,3294.36,49.6,2
mascotas,veterinario,213.9,29.4,3
mascotas,veterinario,333.35,5.2,9
mascotas,veterinario,1259.06,35.9,4
salud,medico,10792.97,39.9,8
hogar,patrimonial,10877.18,52.1,5
salud,medico,2242.4,12.1,3
salud,medico,28438.62,51.8,7
movilidad,danos_propios,3539.48,59.7,12
mascotas,veterinario,215.47,7.2,2
salud,medico,18639.56,32.0,8
movilidad,responsabilidad_civil,6911.67,50.7,4
salud,medico,9594.86,29.6,7
hogar,patrimonial,22751.26,56.7,5
mascotas,veterinario,880.34,42.8,2
mascotas,veterinario,264.17,29.9,4
hogar,patrimonial,1444.73,5.8,10
movilidad,danos_propios,21559.9,15.1,6
hogar,patrimonial,14290.35,33.1,8
salud,medico,33422.2,42.3,5
movilidad,responsabilidad_civil,4917.39,8.9,3
hogar,patrimonial,28181.06,10.8,1
movilidad,danos_propios,11024.38,11.0,12
mascotas,veterinario,248.66,49.1,2
movilidad,responsabilidad_civil,3790.11,2.9,5
mascotas,veterinario,791.81,24.6,1
movilidad,danos_propios,3929.89,57.7,7
movilidad,responsabilidad_civil,8775.06,16.6,7
hogar,patrimonial,14295.71,58.4,3
hogar,patrimonial,885.89,28.6,4
movilidad,danos_propios,2049.11,12.9,6
mascotas,veterinario,156.98,45.8,10
salud,medico,57500.63,46.8,5
movilidad,responsabilidad_civil,7566.19,42.6,6
hogar,patrimonial,13449.02,19.6,3
movilidad,danos_propios,3587.01,44.1,12
mascotas,veterinario,313.63,7.4,6
mascotas,veterinario,998.49,53.9,1
hogar,patrimonial,16991.42,37.1,9
movilidad,responsabilidad_civil,523.89,28.3,6
movilidad,danos_propios,7207.48,12.1,2
hogar,patrimonial,20195.37,27.4,8
mascotas,veterinario,442.98,33.6,12
movilidad,responsabilidad_civil,4223.99,21.4,5
hogar,patrimonial,24385.37,33.5,9
hogar,patrimonial,5596.3,9.8,3
movilidad,responsabilidad_civil,2863.55,36.5,10
mascotas,veterinario,46.78,27.5,4
salud,medico,8608.66,44.5,4
salud,medico,8021.58,20.5,7
mascotas,veterinario,601.28,23.9,12
mascotas,veterinario,591.56,9.1,11
mascotas,veterinario,105.37,9.5,5
salud,medico,15813.1,20.6,11
salud,medico,3223.42,7.6,1
hogar,patrimonial,1630.47,58.8,8
movilidad,danos_propios,14172.82,53.1,5
hogar,patrimonial,1581.43,15.8,4
hogar,patrimonial,7062.86,8.8,2
movilidad,danos_propios,5651.35,58.8,3
movilidad,responsabilidad_civil,4106.41,23.4,9
mascotas,veterinario,98.37,5.0,1
movilidad,responsabilidad_civil,2038.12,44.0,7
hogar,patrimonial,9554.26,12.5,2
mascotas,veterinario,207.42,46.6,11
mascotas,veterinario,95.55,44.3,2
hogar,patrimonial,10976.44,3.7,11
salud,medico,37005.53,16.8,7
movilidad,danos_propios,3389.0,49.1,3
salud,medico,2954.5,26.9,11
salud,medico,18965.11,30.2,12
movilidad,responsabilidad_civil,1979.68,30.6,7
hogar,patrimonial,9834.73,43.8,3
movilidad,responsabilidad_civil,4404.27,24.2,7
salud,medico,22012.01,38.1,3
salud,medico,13027.5,18.7,1
salud,medico,5464.34,48.8,10
hogar,patrimonial,14809.56,52.2,5
movilidad,danos_propios,2047.66,28.6,2
mascotas,veterinario,906.2,59.4,8
mascotas,veterinario,364.26,19.8,4
salud,medico,17569.62,7.0,4
salud,medico,13224.49,3.3,4
hogar,patrimonial,10756.74,52.0,7
mascotas,veterinario,35.46,44.1,12
mascotas,veterinario,454.64,15.4,3
mascotas,veterinario,348.14,55.5,10
mascotas,veterinario,1007.47,24.3,12
movilidad,responsabilidad_civil,14930.91,23.7,3
salud,medico,5011.04,46.0,3
hogar,patrimonial,9745.3,10.3,1
salud,medico,9532.39,6.8,6
hogar,patrimonial,14489.62,32.3,6
mascotas,veterinario,272.64,18.0,9
salud,medico,40305.99,55.2,2
salud,medico,7637.6,18.8,8
salud,medico,23686.61,6.8,12
hogar,patrimonial,25300.12,21.3,10
salud,medico,31615.09,46.7,3
movilidad,danos_propios,7805.45,49.9,12
hogar,patrimonial,3264.94,16.6,1
movilidad,responsabilidad_civil,14290.05,12.2,4
mascotas,veterinario,187.38,36.1,10
salud,medico,16130.05,23.2,4
hogar,patrimonial,7605.67,6.0,3
hogar,patrimonial,4805.97,45.7,3
movilidad,responsabilidad_civil,1153.7,7.8,2
movilidad,danos_propios,5720.78,49.1,10
movilidad,danos_propios,2654.72,21.5,11
salud,medico,3084.19,17.0,4
salud,medico,38350.92,21.7,12
hogar,patrimonial,13689.2,39.9,11
salud,medico,37605.15,56.6,11
mascotas,veterinario,436.4,43.8,7
movilidad,danos_propios,2766.7,24.7,2
salud,medico,7223.11,16.2,8
salud,medico,52604.59,19.4,6
movilidad,responsabilidad_civil,5999.48,53.8,1
movilidad,danos_propios,4214.21,29.4,3
movilidad,danos_propios,1420.98,14.3,9
hogar,patrimonial,20464.32,37.1,3
hogar,patrimonial,13292.26,53.1,10
hogar,patrimonial,5188.15,52.8,5
salud,medico,32433.91,12.5,7
movilidad,responsabilidad_civil,443.15,34.3,2
mascotas,veterinario,363.68,43.1,10
movilidad,danos_propios,506.73,6.3,3
hogar,patrimonial,3817.65,59.8,12
salud,medico,1934.15,20.6,10
movilidad,responsabilidad_civil,11300.64,39.7,6
mascotas,veterinario,235.31,44.6,3
movilidad,danos_propios,1721.94,32.1,3
hogar,patrimonial,17176.73,21.4,6
movilidad,danos_propios,12302.66,24.6,1
mascotas,veterinario,639.37,21.0,1
mascotas,veterinario,308.19,36.4,4
movilidad,danos_propios,5379.79,52.7,3
movilidad,responsabilidad_civil,1319.75,52.2,12
movilidad,responsabilidad_civil,1095.15,12.2,3
movilidad,responsabilidad_civil,7087.03,31.0,11
mascotas,veterinario,655.52,4.4,4
salud,medico,4344.82,4.2,12
hogar,patrimonial,97409.41,35.8,5
movilidad,responsabilidad_civil,3666.43,22.2,7
movilidad,responsabilidad_civil,5307.96,13.8,3
movilidad,responsabilidad_civil,6656.73,21.8,6
salud,medico,4389.8,3.5,11
hogar,patrimonial,16888.69,13.3,6
mascotas,veterinario,48.53,22.5,6
salud,medico,10084.26,27.4,7
hogar,patrimonial,21304.86,33.9,12
mascotas,veterinario,175.82,59.1,2
hogar,patrimonial,15099.71,8.0,1
hogar,patrimonial,17765.28,20.2,1
mascotas,veterinario,992.04,57.2,5
salud,medico,4836.17,46.1,9
salud,medico,14463.06,40.7,9
movilidad,responsabilidad_civil,1013.78,22.7,6
hogar,patrimonial,5367.98,44.1,6
mascotas,veterinario,277.3,2.1,4
salud,medico,11729.74,48.9,11
hogar,patrimonial,6751.13,44.8,8
mascotas,veterinario,439.91,43.8,5
mascotas,veterinario,339.18,9.1,5
salud,medico,5753.14,9.5,11
salud,medico,10940.39,29.8,5
movilidad,danos_propios,12160.97,11.4,12
mascotas,veterinario,383.12,50.8,10
hogar,patrimonial,6428.41,53.7,11
movilidad,danos_propios,5483.15,27.5,7
movilidad,responsabilidad_civil,3251.6,45.2,3
salud,medico,20952.36,47.4,9
salud,medico,29376.65,20.6,11
salud,medico,16438.76,1.2,2
mascotas,veterinario,404.39,45.3,12
movilidad,responsabilidad_civil,3537.6,19.0,6
movilidad,danos_propios,12337.66,44.0,10
mascotas,veterinario,153.2,6.7,1
movilidad,danos_propios,10248.94,5.1,5
mascotas,veterinario,603.81,48.0,12
mascotas,veterinario,280.24,59.4,7
movilidad,danos_propios,9798.69,25.3,9
mascotas,veterinario,831.28,18.2,6
movilidad,responsabilidad_civil,9626.0,29.7,5
hogar,patrimonial,8046.32,41.0,5
movilidad,responsabilidad_civil,667.86,3.3,10
hogar,patrimonial,22861.68,52.3,10
mascotas,veterinario,630.66,35.5,3
movilidad,responsabilidad_civil,3142.04,5.0,11
movilidad,danos_propios,16036.22,59.9,4
movilidad,responsabilidad_civil,1211.77,3.5,3
hogar,patrimonial,33509.98,6.1,12
salud,medico,8553.94,57.6,12
salud,medico,29972.92,20.0,7
mascotas,veterinario,89.5,12.1,10
salud,medico,7195.23,56.3,10
salud,medico,21993.53,12.1,3
movilidad,responsabilidad_civil,4046.45,11.0,2
hogar,patrimonial,9739.11,22.0,7
mascotas,veterinario,542.16,39.9,10
mascotas,veterinario,279.24,24.1,4
movilidad,responsabilidad_civil,2509.97,29.2,12
movilidad,responsabilidad_civil,7869.3,58.0,8
salud,medico,22472.66,7.8,6
movilidad,danos_propios,2727.3,54.5,2
movilidad,danos_propios,9584.01,52.7,11
hogar,patrimonial,9608.87,58.7,9
movilidad,danos_propios,6927.08,57.0,6
hogar,patrimonial,17172.64,47.8,8
mascotas,veterinario,121.18,10.8,5
mascotas,veterinario,98.03,41.0,12
salud,medico,17612.15,33.4,7
salud,medico,7215.18,19.4,1
hogar,patrimonial,17966.59,39.0,5
movilidad,responsabilidad_civil,11458.08,34.8,8
movilidad,responsabilidad_civil,3892.96,15.0,5
hogar,patrimonial,3933.42,39.9,4
mascotas,veterinario,1438.66,40.8,12
salud,medico,18610.67,30.9,3
movilidad,responsabilidad_civil,7008.59,1.6,10
hogar,patrimonial,27200.1,59.4,1
hogar,patrimonial,14744.7,3.7,8
movilidad,danos_propios,3261.24,25.2,5
mascotas,veterinario,978.72,20.0,1
mascotas,veterinario,71.3,18.4,9
mascotas,veterinario,54.19,50.9,7
hogar,patrimonial,18977.36,46.6,1
hogar,patrimonial,6555.21,31.4,11
hogar,patrimonial,85034.67,44.0,3
hogar,patrimonial,33543.05,57.4,10
movilidad,danos_propios,9550.59,49.4,10
hogar,patrimonial,7249.75,19.8,6
salud,medico,13462.95,56.3,4
mascotas,veterinario,782.82,1.1,2
mascotas,veterinario,726.39,8.9,3
salud,medico,10331.15,6.6,11
salud,medico,7935.53,8.8,3
mascotas,veterinario,412.31,10.7,5
hogar,patrimonial,5455.45,2.5,7
salud,medico,9460.45,43.0,2
hogar,patrimonial,3766.24,27.3,3
movilidad,danos_propios,3248.73,30.2,12
hogar,patrimonial,2080.22,8.4,4
movilidad,danos_propios,15190.27,49.4,12
hogar,patrimonial,12709.44,9.1,8
salud,medico,5676.59,16.9,11
hogar,patrimonial,3691.08,11.3,5
hogar,patrimonial,17798.28,33.7,6
movilidad,responsabilidad_civil,4334.44,50.0,1
hogar,patrimonial,26543.73,44.5,9
mascotas,veterinario,446.22,8.4,10
movilidad,responsabilidad_civil,1993.17,16.3,11
hogar,patrimonial,3580.49,15.0,11
mascotas,veterinario,362.19,20.7,9
mascotas,veterinario,479.45,5.7,4
hogar,patrimonial,49747.08,10.6,11
mascotas,veterinario,109.4,29.9,2
hogar,patrimonial,39552.64,12.6,10
salud,medico,3125.03,55.5,11
mascotas,veterinario,225.12,16.4,4
mascotas,veterinario,135.2,35.6,2
movilidad,danos_propios,4396.7,38.2,4
salud,medico,29973.29,19.7,11
salud,medico,2334.11,1.4,10
mascotas,veterinario,120.82,37.7,11
hogar,patrimonial,2304.37,17.0,8
hogar,patrimonial,27431.45,42.9,3
movilidad,danos_propios,3251.1,47.5,12
hogar,patrimonial,8752.72,59.7,11
movilidad,danos_propios,5725.47,47.2,2
hogar,patrimonial,8133.18,7.7,3
salud,medico,3620.69,34.4,6
salud,medico,10514.5,10.1,4
salud,medico,10944.54,47.2,11
hogar,patrimonial,5145.68,55.3,1
hogar,patrimonial,6980.94,35.5,5
salud,medico,8104.37,21.1,9
hogar,patrimonial,4157.59,7.4,7
movilidad,responsabilidad_civil,2969.3,56.3,2
hogar,patrimonial,4705.62,36.1,2
mascotas,veterinario,120.48,12.9,1
movilidad,responsabilidad_civil,1202.38,30.5,9
salud,medico,8520.9,41.0,10
movilidad,responsabilidad_civil,3185.7,25.6,8
hogar,patrimonial,5051.23,15.2,6
movilidad,responsabilidad_civil,3937.72,51.8,3
movilidad,responsabilidad_civil,3267.55,21.8,2
mascotas,veterinario,62.62,42.4,8
hogar,patrimonial,38156.13,3.1,7
hogar,patrimonial,21012.36,29.9,5
movilidad,danos_propios,18324.45,33.5,6
salud,medico,8411.78,3.4,3
salud,medico,2540.65,21.8,4
hogar,patrimonial,4094.78,17.5,4
mascotas,veterinario,579.35,58.7,6
salud,medico,40761.16,45.2,2
salud,medico,44531.01,34.2,4
movilidad,danos_propios,11699.88,26.5,1
hogar,patrimonial,12522.81,18.9,10
salud,medico,5778.17,11.3,4
mascotas,veterinario,218.51,51.3,10
mascotas,veterinario,112.9,59.9,3
mascotas,veterinario,204.08,10.8,11
hogar,patrimonial,1838.53,5.2,6
mascotas,veterinario,95.35,27.9,6
hogar,patrimonial,21860.22,24.6,7
salud,medico,2803.38,9.4,4
hogar,patrimonial,3386.75,43.9,12
mascotas,veterinario,288.93,19.3,3
salud,medico,10654.13,37.3,12
hogar,patrimonial,10496.42,10.9,8
salud,medico,11858.35,57.2,3
mascotas,veterinario,1774.29,55.1,6
mascotas,veterinario,118.09,1.3,10
salud,medico,5939.68,39.2,9
movilidad,responsabilidad_civil,26822.3,3.5,4
hogar,patrimonial,31198.99,6.3,12
movilidad,responsabilidad_civil,2647.85,12.1,11
hogar,patrimonial,22302.05,45.6,10
hogar,patrimonial,10811.64,28.8,12
movilidad,danos_propios,2813.3,18.1,3
mascotas,veterinario,43.76,52.1,12
hogar,patrimonial,99598.72,8.7,11
mascotas,veterinario,363.51,36.6,11
hogar,patrimonial,8977.41,49.9,12
salud,medico,6558.18,21.4,11
salud,medico,6719.96,56.0,3
mascotas,veterinario,253.5,34.9,4
mascotas,veterinario,225.74,13.5,2
movilidad,danos_propios,919.65,13.4,2
hogar,patrimonial,14601.55,58.0,7
hogar,patrimonial,10022.74,59.8,6
movilidad,danos_propios,8171.22,50.4,5
hogar,patrimonial,7318.02,47.6,1
movilidad,responsabilidad_civil,2110.86,30.4,11
mascotas,veterinario,133.79,28.2,11
hogar,patrimonial,11970.44,28.6,3
salud,medico,4654.4,42.4,7
mascotas,veterinario,166.85,59.9,6
hogar,patrimonial,3848.01,25.3,2
hogar,patrimonial,5000.35,19.7,11
mascotas,veterinario,625.45,33.0,8
movilidad,responsabilidad_civil,613.13,47.9,6
hogar,patrimonial,28636.18,52.6,1
movilidad,danos_propios,2418.21,45.2,7
salud,medico,5843.27,31.2,11
mascotas,veterinario,43.37,10.0,2
salud,medico,12369.67,16.8,11
mascotas,veterinario,347.47,47.2,4
salud,medico,35609.86,52.0,11
salud,medico,14412.32,21.0,11
movilidad,danos_propios,5846.22,51.8,9
mascotas,veterinario,375.63,21.2,4
movilidad,responsabilidad_civil,5240.91,46.4,10
hogar,patrimonial,43007.41,2.1,11
movilidad,responsabilidad_civil,8761.14,9.9,2
mascotas,veterinario,203.92,39.5,11
hogar,patrimonial,17489.57,34.5,6
movilidad,responsabilidad_civil,4041.69,13.1,8
mascotas,veterinario,373.91,44.6,1
mascotas,veterinario,27.51,8.5,7
hogar,patrimonial,5605.54,37.7,3
mascotas,veterinario,248.64,50.9,1
mascotas,veterinario,359.45,14.8,12
salud,medico,13956.63,48.3,3
mascotas,veterinario,319.01,57.6,9
salud,medico,5445.26,1.0,5
movilidad,responsabilidad_civil,1776.29,9.1,7
mascotas,veterinario,106.71,2.8,12
salud,medico,42609.31,34.3,2
hogar,patrimonial,5031.42,45.0,9
hogar,patrimonial,7357.99,23.0,10
hogar,patrimonial,35971.45,20.0,7
hogar,patrimonial,7229.41,45.8,4
salud,medico,8687.02,42.3,5
hogar,patrimonial,2066.02,58.2,8
salud,medico,5007.86,37.6,2
mascotas,veterinario,67.01,39.5,2
hogar,patrimonial,35560.51,59.4,11
movilidad,responsabilidad_civil,1084.61,31.8,4
hogar,patrimonial,7201.35,45.9,2
mascotas,veterinario,154.44,1.1,12
movilidad,danos_propios,3874.86,55.1,12
mascotas,veterinario,112.45,10.1,9
mascotas,veterinario,169.64,23.0,9
movilidad,danos_propios,1701.44,14.0,3
hogar,patrimonial,5288.38,35.8,5
movilidad,responsabilidad_civil,4732.53,14.8,9
hogar,patrimonial,5115.76,50.7,10
hogar,patrimonial,8717.6,18.5,5
hogar,patrimonial,6768.8,27.7,8
salud,medico,17605.46,41.8,2
salud,medico,19654.01,49.5,2
hogar,patrimonial,6480.73,5.1,7
salud,medico,19582.68,17.2,2
hogar,patrimonial,12962.45,52.0,6
mascotas,veterinario,397.35,8.8,4
hogar,patrimonial,23849.1,37.5,11
salud,medico,18660.75,52.2,8
hogar,patrimonial,12545.83,18.6,3
salud,medico,41089.31,45.6,12
hogar,patrimonial,4739.28,25.1,2
hogar,patrimonial,38699.47,22.9,3
hogar,patrimonial,5643.92,30.1,10
salud,medico,15302.15,20.0,10
movilidad,danos_propios,6854.25,30.7,11
hogar,patrimonial,5353.72,41.7,8
salud,medico,3663.41,30.3,5
hogar,patrimonial,13659.53,12.2,8
hogar,patrimonial,8232.61,37.5,11
mascotas,veterinario,154.23,25.7,3
movilidad,danos_propios,291.81,37.5,5
salud,medico,23853.5,33.6,4
salud,medico,17639.45,46.2,12
movilidad,danos_propios,1117.9,45.2,4
salud,medico,5169.88,39.9,3
salud,medico,22701.77,42.8,1
movilidad,responsabilidad_civil,1002.89,15.8,11
movilidad,danos_propios,2809.22,16.7,1
movilidad,danos_propios,5581.94,24.7,7
salud,medico,14082.13,47.9,10
salud,medico,4249.99,16.6,8
salud,medico,12433.98,20.4,1
salud,medico,11238.43,6.3,5
hogar,patrimonial,6062.29,55.5,9
salud,medico,4846.76,29.7,5
salud,medico,47643.66,14.5,12
salud,medico,17325.82,8.9,10
hogar,patrimonial,144410.13,56.4,3
hogar,patrimonial,15057.71,9.9,5
salud,medico,41117.94,44.7,5
hogar,patrimonial,8365.55,16.3,3
hogar,patrimonial,57183.79,21.2,4
hogar,patrimonial,9353.4,28.0,8
hogar,patrimonial,9307.99,50.8,1
movilidad,responsabilidad_civil,2198.86,5.0,2
movilidad,danos_propios,5163.21,4.0,8
salud,medico,9065.83,39.3,6
hogar,patrimonial,9915.1,1.1,1
movilidad,danos_propios,8384.79,52.5,2
movilidad,danos_propios,13750.17,29.0,7
movilidad,danos_propios,1354.08,54.9,6
salud,medico,20822.54,11.8,1
salud,medico,66419.41,4.7,1
hogar,patrimonial,23346.58,44.3,11
salud,medico,6212.25,42.0,12
movilidad,danos_propios,3824.98,45.4,10
salud,medico,14948.42,11.0,4
movilidad,danos_propios,5562.2,54.6,6
salud,medico,7182.06,10.7,1
hogar,patrimonial,37827.18,28.1,12
movilidad,danos_propios,6613.29,46.7,11
hogar,patrimonial,17391.17,8.3,3
salud,medico,21703.28,26.9,5
mascotas,veterinario,278.47,24.2,6
hogar,patrimonial,34557.43,42.5,10
mascotas,veterinario,77.24,45.2,1
salud,medico,17792.42,36.3,6
movilidad,danos_propios,944.79,21.3,9
salud,medico,4699.59,43.4,9
movilidad,danos_propios,3416.13,5.2,12
movilidad,responsabilidad_civil,4196.39,34.2,2
hogar,patrimonial,5083.78,48.1,5
hogar,patrimonial,5566.68,26.4,6
salud,medico,14821.3,30.9,4
movilidad,responsabilidad_civil,3643.35,37.0,11
hogar,patrimonial,14476.65,2.5,11
salud,medico,6137.55,36.9,6
mascotas,veterinario,134.82,4.9,2
mascotas,veterinario,189.91,59.1,6
movilidad,responsabilidad_civil,5133.24,49.1,11
movilidad,responsabilidad_civil,16499.01,37.1,7
mascotas,veterinario,362.52,19.0,1
movilidad,responsabilidad_civil,4185.3,26.1,7
hogar,patrimonial,4165.76,3.3,4
salud,medico,4035.31,3.0,3
salud,medico,15075.57,44.2,4
hogar,patrimonial,5425.98,13.5,10
movilidad,danos_propios,5519.26,51.2,12
hogar,patrimonial,17068.05,51.4,6
movilidad,danos_propios,32393.82,25.3,5
hogar,patrimonial,4828.17,10.5,4
movilidad,responsabilidad_civil,4791.71,4.1,8
hogar,patrimonial,16975.09,31.2,5
movilidad,danos_propios,20101.33,29.1,4
movilidad,danos_propios,30104.33,6.5,8
mascotas,veterinario,424.28,3.4,9
movilidad,responsabilidad_civil,3852.51,35.7,11
hogar,patrimonial,10458.65,40.9,6
hogar,patrimonial,7584.59,46.9,3
mascotas,veterinario,263.29,51.3,10
movilidad,danos_propios,1926.34,11.3,4
salud,medico,18093.07,16.1,5
salud,medico,22760.91,5.9,7
movilidad,responsabilidad_civil,6231.29,35.2,12
movilidad,responsabilidad_civil,2184.78,47.3,2
mascotas,veterinario,400.63,26.5,6
mascotas,veterinario,75.57,21.5,2
salud,medico,2413.68,55.0,10
mascotas,veterinario,582.43,15.4,4
salud,medico,9784.79,9.9,2
mascotas,veterinario,76.09,20.0,4
hogar,patrimonial,20893.71,37.6,6
hogar,patrimonial,3177.95,20.6,7
mascotas,veterinario,1288.62,31.8,4
mascotas,veterinario,224.12,59.5,1
mascotas,veterinario,275.31,6.9,5
hogar,patrimonial,18919.01,2.1,8
mascotas,veterinario,308.53,54.2,4
movilidad,danos_propios,9552.04,13.6,1
hogar,patrimonial,37142.29,12.9,5
salud,medico,23809.36,55.1,3
salud,medico,29950.26,33.0,8
salud,medico,5766.33,47.9,2
movilidad,danos_propios,12085.22,19.0,4
salud,medico,6378.32,33.7,6
salud,medico,10394.42,15.9,6
movilidad,danos_propios,5213.9,11.4,6
hogar,patrimonial,15028.42,35.2,10
mascotas,veterinario,565.47,38.2,10
hogar,patrimonial,8683.76,11.4,7
mascotas,veterinario,451.64,13.3,9
salud,medico,26682.72,17.2,3
salud,medico,4997.95,38.8,3
mascotas,veterinario,225.35,57.1,10
mascotas,veterinario,192.39,28.6,10
mascotas,veterinario,94.85,26.9,12
movilidad,responsabilidad_civil,2757.02,52.9,4
mascotas,veterinario,482.03,18.8,1
movilidad,responsabilidad_civil,2612.42,43.5,3
salud,medico,2539.93,10.4,9
movilidad,responsabilidad_civil,1982.21,39.3,1
mascotas,veterinario,391.29,23.4,8
hogar,patrimonial,13449.87,51.1,12
movilidad,danos_propios,3599.83,2.6,5
hogar,patrimonial,93971.59,5.2,11
mascotas,veterinario,345.32,52.9,10
hogar,patrimonial,2685.25,41.2,4
salud,medico,28644.49,37.4,2
salud,medico,6799.53,4.8,7
hogar,patrimonial,6983.81,1.1,8
salud,medico,10709.79,26.5,12
mascotas,veterinario,340.16,28.4,11
hogar,patrimonial,13730.67,50.7,10
movilidad,responsabilidad_civil,2490.57,7.7,4
hogar,patrimonial,20613.43,51.5,4
mascotas,veterinario,293.46,13.8,1
movilidad,responsabilidad_civil,614.33,16.2,8
mascotas,veterinario,1074.75,3.1,2
mascotas,veterinario,150.32,2.0,5
hogar,patrimonial,4233.7,19.9,6
movilidad,danos_propios,1821.96,53.4,3
mascotas,veterinario,351.84,37.4,3
movilidad,danos_propios,3671.85,4.3,12
hogar,patrimonial,4932.5,59.8,6
hogar,patrimonial,8657.52,13.7,7
hogar,patrimonial,5575.46,11.7,9
salud,medico,29403.07,36.6,12
movilidad,danos_propios,1382.13,18.5,9
salud,medico,12413.54,3.1,4
salud,medico,5416.63,27.1,11
salud,medico,1778.88,27.3,5
salud,medico,23820.54,34.0,9
hogar,patrimonial,15325.18,29.2,8
hogar,patrimonial,53616.04,10.1,5
salud,medico,5194.34,49.8,3
mascotas,veterinario,280.55,15.5,3
mascotas,veterinario,517.92,14.7,6
movilidad,responsabilidad_civil,12789.46,25.4,7
movilidad,danos_propios,1593.13,8.5,5
salud,medico,5935.55,1.1,10
salud,medico,3943.81,33.1,2
hogar,patrimonial,5095.88,1.3,10
salud,medico,5327.11,34.2,9
mascotas,veterinario,267.96,58.2,5
salud,medico,9014.91,54.5,7
movilidad,responsabilidad_civil,2194.77,1.3,5
movilidad,danos_propios,2170.37,33.9,7
salud,medico,23005.14,6.9,10
movilidad,responsabilidad_civil,728.84,49.6,12
mascotas,veterinario,269.01,3.8,10
mascotas,veterinario,829.95,1.6,5
mascotas,veterinario,223.22,45.7,3
movilidad,danos_propios,5064.87,6.3,8
mascotas,veterinario,475.87,15.9,4
salud,medico,17847.08,53.1,8
mascotas,veterinario,692.91,57.6,3
movilidad,responsabilidad_civil,433.14,4.6,1
mascotas,veterinario,247.44,33.8,2
movilidad,danos_propios,15138.09,52.2,3
hogar,patrimonial,8883.54,17.1,9
hogar,patrimonial,19019.19,31.7,1
salud,medico,28099.86,39.2,5
hogar,patrimonial,19615.48,7.0,3
movilidad,responsabilidad_civil,944.43,6.5,2
salud,medico,28965.88,2.5,5
hogar,patrimonial,20000.04,31.6,2
hogar,patrimonial,4946.61,27.2,8
movilidad,danos_propios,8548.72,56.4,8
hogar,patrimonial,5393.47,29.5,4
movilidad,danos_propios,4063.75,17.8,5
movilidad,responsabilidad_civil,862.29,59.4,4
mascotas,veterinario,1345.31,59.7,1
hogar,patrimonial,30242.45,7.3,12
movilidad,responsabilidad_civil,443.16,52.5,2
movilidad,danos_propios,1798.2,43.0,12
salud,medico,9403.59,18.9,9
hogar,patrimonial,3874.03,12.1,9
movilidad,danos_propios,2443.82,42.6,9
salud,medico,13268.51,20.5,8
mascotas,veterinario,519.44,26.8,9
hogar,patrimonial,10622.16,18.9,4
movilidad,responsabilidad_civil,1935.13,47.8,10
movilidad,danos_propios,5965.4,35.2,8
mascotas,veterinario,1445.35,51.1,9
mascotas,veterinario,156.59,50.5,9
salud,medico,3358.58,55.0,6
mascotas,veterinario,286.52,59.3,2
salud,medico,12077.07,9.2,7
mascotas,veterinario,145.17,10.8,11
movilidad,responsabilidad_civil,1905.08,29.8,10
salud,medico,8133.17,48.4,5
mascotas,veterinario,141.07,30.2,5
movilidad,responsabilidad_civil,2158.22,43.4,8
salud,medico,14968.0,54.6,12
hogar,patrimonial,15599.0,47.5,7
mascotas,veterinario,429.84,7.2,11
movilidad,responsabilidad_civil,1881.13,25.6,9
salud,medico,5036.29,51.5,8
hogar,patrimonial,7998.03,7.6,9
mascotas,veterinario,204.82,53.8,12
hogar,patrimonial,3291.8,32.5,6
movilidad,responsabilidad_civil,953.11,45.5,9
salud,medico,5166.62,43.2,2
salud,medico,10307.32,20.4,12
mascotas,veterinario,296.84,44.2,4
salud,medico,1870.28,7.5,6
mascotas,veterinario,1182.67,12.8,1
salud,medico,9423.19,20.1,7
mascotas,veterinario,223.91,4.0,5
mascotas,veterinario,346.2,3.9,11
hogar,patrimonial,9406.31,3.4,7
salud,medico,9886.09,45.9,1
hogar,patrimonial,2716.59,43.7,11
salud,medico,13800.21,45.9,6
salud,medico,9154.2,59.2,10
salud,medico,2374.78,22.6,5
movilidad,responsabilidad_civil,2687.76,59.2,1
salud,medico,19288.42,51.4,8
salud,medico,2209.93,6.7,12
